TEST-002###LVWWD###JOHN BAYER###5654###07/10/2012###8605 BLOWING PINES DR, LAS VEGAS, NV 89143###ADEIJI@YAHOO.COM###TTH-1###FTG###GTG###GDFF###BRIDGE###HGYY###HUHG###ADD### 
TEST-003###LVWWD###JOHN BAYER###654###07/10/2012###8605 BLOWING PINES DR, LAS VEGAS, NV 89143###ADEIJI@YAHOO.COM###TTH-1###FTG###GTG###GDFF###BRIDGE###HGYY###HUHG###ADD### 
TEST-003###LVWWD###JOHN BAYER###2345###03/10/2012###8605 BLOWING PINES DR, LAS VEGAS, NV 89143###ADEIJI@YAHOO.COM###TTH-1###FTG###GTG###GDFF###BRIDGE###HGYY###HUHG###ADD### 
TEST-1###ADE###LVVWS###358###07/10/2012###GGH###YGG###877HJJ###GFRT###GVFY###HBYU###JGGH###HNH###HGV###ADD### 
TEST-23###ADE###LVVWS###3345###07/10/2012###GGH###YGG###877HJJ###GFRT###GVFY###HBYU###JGGH###HNH###HGV###ADD### 
TEST-67###ADE###LVVWS###1123###07/10/2012###GGH###YGG###877HJJ###GFRT###GVFY###HBYU###JGGH###HNH###HGV###ADD### 
TEST-67##########################################DELETE### 
TEST-67###ADE###LVVWS###2345###07/10/2012###GGH###YGG###877HJJ###GFRT###GVFY###HBYU###JGGH###HNH###HGV###ADD### 
TEST-678###ADE###LVVWS###2345###07/10/2012###GGH###YGG###877HJJ###GFRT###GVFY###HBYU###JGGH###HNH###HGV###ADD### 
TEST-6###ADE###LVVWS###5677###07/10/2012###GGH###YGG###877HJJ###GFRT###GVFY###HBYU###JGGH###HNH###HGV###ADD### 
TEST-2##########################################DELETE### 
TEST-11###JOHNNY###LVWWD###4456###07/10/2012###8605 BLOWING PINES DR, LAS VEGAS, NV, 89143###ADEIJI@YAHOO.COM###TH-001###HUNJ###FETY###TTTG###BRIDGE###JHHB###KNNJ###ADD### 
TEST-11###JOHNNY###LVWWD###4456###07/13/2012###8605 BLOWING PINES DTEST-4###JOHNNY###LVWWD###12345###07/10/2012###8605 BLOWING PINES DR, LAS VEGAS, NV, 89143###ADEIJI@YAHOO.COM###TH-001###HUNJ###FETY###TTTG###BRIDGE###JHHB###KNNJ###ADD### 
TEST-5###JOHNNY###LVWWD###12345###07/10/2012###8605 BLOWING PINES DR, LAS VEGAS, NV, 89143###ADEIJI@YAHOO.COM###TH-001###HUNJ###FETY###TTTG###BRIDGE###JHHB###KNNJ###ADD### 
TEST-6###JOHNNY###LVWWD###2335###07/11/2012###8605 BLOWING PINES DR, LAS VEGAS, NV, 89143###ADEIJI@YAHOO.COM###TH-001###HUNJ###FETY###TTTG###BRIDGE###JHHB###KNNJ###ADD### 
TEST-1###JOHNNY###LVWWD###1234###07/11/2012###8605 BLOWING PINES DR, LAS VEGAS, NV, 89143###ADEIJI@YAHOO.COM###TH-001###HUNJ###FETY###TTTG###BRIDGE###JHHB###KNNJ###ADD### 
TEST-7##########################################DELETE### 
TEST-5##########################################DELETE### 
TEST-4##########################################DELETE### 
TEST-8##########################################DELETE### 
TEST-6##########################################DELETE### 
TEST-2##########################################DELETE### 
8HYH989##########################################DELETE### 
88JYHJ##########################################DELETE### 
TEST-9##########################################DELETE### 
TEST-3##########################################DELETE### 
TEST-2##########################################DELETE### 
TEST-1##########################################DELETE### 
TEST-8###JOHNNY###LVWWD###12345###07/11/2012###8605 BLOWING PINES DR, LAS VEGAS, NV, 89143###ADEIJI@YAHOO.COM###TH-001###HUNJ###FETY###TTTG###BRIDGE###JHHB###KNNJ###ADD### 
TEST-1###JOHNNY###LVWWD###12345###07/11/2012###8605 BLOWING PINES DR, LAS VEGAS, NV, 89143###ADEIJI@YAHOO.COM###TH-001###HUNJ###FETY###TTTG###BRIDGE###JHHB###KNNJ###ADD### 
TEST-3###JOHNNY###LVWWD###12345###07/11/2012###8605 BLOWING PINES DR, LAS VEGAS, NV, 89143###ADEIJI@YAHOO.COM###TH-001###HUNJ###FETY###TTTG###BRIDGE###JHHB###KNNJ###ADD### 
TEST-3###JOHNNY###LVWWD###12345###07/11/2012###8605 BLOWING PINES DR, LAS VEGAS, NV, 89143###ADEIJI@YAHOO.COM###TH-001###HUNJ###FETY###TTTG###BRIDGE###JHHB###KNNJ###ADD### 
TEST-56###JOHNNY###LVWWD###1234###07/11/2012###8605 BLOWING PINES DR, LAS VEGAS, NV, 89143###ADEIJI@YAHOO.COM###TH-001###HUNJ###FETY###TTTG###BRIDGE###JHHB###KNNJ###ADD### 
TEST-33###JOHNNY###LVWWD###1234###07/11/2012###8605 BLOWING PINES DR, LAS VEGAS, NV, 89143###ADEIJI@YAHOO.COM###TH-001###HUNJ###FETY###TTTG###BRIDGE###JHHB###KNNJ###ADD### 
HOME-14###JOHNNY###LVWWD###5667###07/11/2012###8605 BLOWING PINES DR, LAS VEGAS, NV, 89143###ADEIJI@YAHOO.COM###TH-001###HUNJ###FETY###TTTG###BRIDGE###JHHB###KNNJ###ADD### 
HOME-15###JOHNNY###LVWWD###5667###07/11/2012###8605 BLOWING PINES DR, LAS VEGAS, NV, 89143###ADEIJI@YAHOO.COM###TH-001###HUNJ###FETY###TTTG###BRIDGE###JHHB###KNNJ###ADD### 
HOME-15##########################################DELETE### 
HOME-2##########################################DELETE### 
TEST-14##########################################DELETE### 
HOME-1##########################################DELETE### 
HOME-15##########################################DELETE### 
HOME-2##########################################DELETE### 
TEST-14##########################################DELETE### 
HOME-1##########################################DELETE### 
TEST-13##########################################DELETE### 
TEST-15##########################################DELETE### 
TEST-16##########################################DELETE### 
TEST-17##########################################DELETE### 
TEST-18##########################################DELETE### 
TEST-02###LVWWD###ADEBAYO###12345###07/16/2012###8605 BLOWING PINES DR, LAS VEGAS, NV 89143###ADEIJI@YAHOO.COM###THO-23###TFT###GGHH###YGU###JJJ###JNJ###JMM###ADD### 
TEST-03###LVWWD###ADEBAYO###12345###07/16/2012###8605 BLOWING PINES DR, LAS VEGAS, NV 89143###ADEIJI@YAHOO.COM###THO-23###TFT###GGHH###YGU###JJJ###JNJ###JMM###ADD### 
TEST-02###LVWWD###ADEBAYO###12345###07/16/2012###8605 BLOWING PINES DR, LAS VEGAS, NV 89143###ADEIJI@YAHOO.COM###THO-23###TFT###GGHH###YGU###JJJ###JNJ###JMM###ADD### 
TEST-03###LVWWD###ADEBAYO###12345###07/16/2012###8605 BLOWING PINES DR, LAS VEGAS, NV 89143###ADEIJI@YAHOO.COM###THO-23###TFT###GGHH###YGU###JJJ###JNJ###JMM###ADD### 
TEST-02##########################################DELETE### 
TEST-06###LVWWD###ADEBAYO###12345###07/16/2012###8605 BLOWING PINES DR, LAS VEGAS, NV 89143###ADEIJI@YAHOO.COM###THO-23###TFT###GGHH###YGU###JJJ###JNJ###JMM###ADD### 
TEST-07###LVWWD###ADEBAYO###12345###07/16/2012###8605 BLOWING PINES DR, LAS VEGAS, NV 89143###ADEIJI@YAHOO.COM###THO-23###TFT###GGHH###YGU###JJJ###JNJ###JMM###ADD### 
TEST-08###LVWWD###ADEBAYO###12345###07/16/2012###8605 BLOWING PINES DR, LAS VEGAS, NV 89143###ADEIJI@YAHOO.COM###THO-23###TFT###GGHH###YGU###JJJ###JNJ###JMM###ADD### 
TEST-09###LVWWD###ADEBAYO###12345###07/16/2012###8605 BLOWING PINES DR, LAS VEGAS, NV 89143###ADEIJI@YAHOO.COM###THO-23###TFT###GGHH###YGU###JJJ###JNJ###JMM###ADD### 
TEST-08###LVWWD###ADEBAYO###12345###07/16/2012###8605 BLOWING PINES DR, LAS VEGAS, NV 89143###ADEIJI@YAHOO.COM###THO-23###TFT###GGHH###YGU###JJJ###JNJ###JMM###ADD### 
TEST-09###LVWWD###ADEBAYO###12345###07/16/2012###8605 BLOWING PINES DR, LAS VEGAS, NV 89143###ADEIJI@YAHOO.COM###THO-23###TFT###GGHH###YGU###JJJ###JNJ###JMM###ADD### 
TEST-08###LVWWD###ADEBAYO###12345###07/16/2012###8605 BLOWING PINES DR, LAS VEGAS, NV 89143###ADEIJI@YAHOO.COM###THO-23###TFT###GGHH###YGU###JJJ###JNJ###JMM###ADD### 
TEST-09###LVWWD###ADEBAYO###12345###07/16/2012###8605 BLOWING PINES DR, LAS VEGAS, NV 89143###ADEIJI@YAHOO.COM###THO-23###TFT###GGHH###YGU###JJJ###JNJ###JMM###ADD### 
TEST-07##########################################DELETE### 
TEST-03###LVWWD###ADEBAYO###12335###07/16/2012###8605 BLOWING PINES DR, LAS VEGAS, NV 89143###ADEIJI@YAHOO.COM###THO-23###TFT###GGHH###YGU###JJJ###JNJ###JMM###ADD### 
TEST-10###LVWWD###ADEBAYO###12345###07/16/2012###8605 BLOWING PINES DR, LAS VEGAS, NV 89143###ADEIJI@YAHOO.COM###THO-23###TFT###GGHH###YGU###JJJ###JNJ###JMM###ADD### 
TEST-10###LVWWD###ADEBAYO###12345###07/16/2012###8605 BLOWING PINES DR, LAS VEGAS, NV 89143###ADEIJI@YAHOO.COM###THO-23###TFT###GGHH###YGU###JJJ###JNJ###JMM###ADD### 
